{
  "зеленодольськ": [
    47.5668051,
    33.6474574
  ],
  "кам'янське": [
    48.5167748,
    34.6068797
  ],
  "дубно": [
    50.4187918,
    25.7455972
  ],
  "миргород": [
    49.9568658,
    33.6153865
  ],
  "пятихатки": [
    48.4124572,
    33.7056731
  ],
  "криворізький район": [
    47.8877981,
    33.5456276
  ],
  "нікополь": [
    47.5692061,
    34.3917272
  ],
  "казанка": [
    47.835215,
    32.8241797
  ],
  "бериславський район": [
    47.1710647,
    33.4042631
  ],
  "черкаська область": [
    49.1460165,
    31.2271744
  ],
  "кіровоградська область": [
    48.1916774,
    31.6902953
  ],
  "баштанка": [
    47.4056348,
    32.4440934
  ],
  "снігурівка": [
    47.070721,
    32.7924643
  ],
  "беляевка": [
    46.4844245,
    30.2120913
  ],
  "каролино-бугаз": [
    46.1458339,
    30.5255473
  ],
  "новоніколаївка": [
    48.5532375,
    34.3750471
  ],
  "запорізька область": [
    47.4165079,
    35.922969
  ],
  "славутич": [
    51.5201397,
    30.7562301
  ],
  "іванків": [
    50.9376396,
    29.8978571
  ],
  "гостомель": [
    50.58826,
    30.25909
  ],
  "стоянка": [
    50.454021,
    30.226139
  ],
  "димер": [
    50.7863705,
    30.3036843
  ],
  "одеська область": [
    46.1147226,
    29.9567193
  ],
  "вознесенськ": [
    47.5679582,
    31.3338636
  ],
  "вознесенський район": [
    47.6387683,
    31.4898065
  ],
  "шосткинський район": [
    51.9046918,
    33.7202369
  ],
  "мерефа": [
    49.8183386,
    36.0628675
  ],
  "терни": [
    50.99407,
    33.98346
  ],
  "сумська область": [
    50.7696518,
    34.3289305
  ],
  "дубов'язівка": [
    51.132481,
    33.37846
  ],
  "ромни": [
    50.74207,
    33.4877
  ],
  "макошине": [
    51.459961,
    32.33963
  ],
  "чорнухи": [
    50.2733333,
    32.9383333
  ],
  "полтавська область": [
    49.8607809,
    33.7498787
  ],
  "коростень": [
    50.9491068,
    28.6417552
  ],
  "жуки": [
    49.6701933,
    34.502671
  ],
  "срібне": [
    50.661573,
    32.9174152
  ],
  "линовиця": [
    50.4641,
    32.396339
  ],
  "пирятин": [
    50.2389532,
    32.5026526
  ],
  "драбів": [
    49.9571433,
    32.1410898
  ],
  "великий бурлук": [
    50.0597043,
    37.3855052
  ],
  "волчанський район": [
    50.2060048,
    37.0271906
  ]
}