{
  "зеленодольськ": [
    47.5668051,
    33.6474574
  ],
  "кам'янське": [
    48.5167748,
    34.6068797
  ],
  "дубно": [
    50.4187918,
    25.7455972
  ],
  "миргород": [
    49.9568658,
    33.6153865
  ],
  "пятихатки": [
    48.4124572,
    33.7056731
  ],
  "криворізький район": [
    47.8877981,
    33.5456276
  ],
  "нікополь": [
    47.5692061,
    34.3917272
  ],
  "казанка": [
    47.835215,
    32.8241797
  ],
  "бериславський район": [
    47.1710647,
    33.4042631
  ],
  "черкаська область": [
    49.1460165,
    31.2271744
  ],
  "кіровоградська область": [
    48.1916774,
    31.6902953
  ],
  "баштанка": [
    47.4056348,
    32.4440934
  ],
  "снігурівка": [
    47.070721,
    32.7924643
  ],
  "беляевка": [
    46.4844245,
    30.2120913
  ],
  "каролино-бугаз": [
    46.1458339,
    30.5255473
  ],
  "новоніколаївка": [
    48.5532375,
    34.3750471
  ],
  "запорізька область": [
    47.4165079,
    35.922969
  ],
  "славутич": [
    51.5201397,
    30.7562301
  ],
  "іванків": [
    50.9376396,
    29.8978571
  ],
  "гостомель": [
    50.58826,
    30.25909
  ],
  "стоянка": [
    50.454021,
    30.226139
  ],
  "димер": [
    50.7863705,
    30.3036843
  ],
  "одеська область": [
    46.1147226,
    29.9567193
  ],
  "вознесенськ": [
    47.5679582,
    31.3338636
  ],
  "вознесенський район": [
    47.6387683,
    31.4898065
  ],
  "шосткинський район": [
    51.9046918,
    33.7202369
  ],
  "мерефа": [
    49.8183386,
    36.0628675
  ],
  "терни": [
    50.99407,
    33.98346
  ],
  "сумська область": [
    50.7696518,
    34.3289305
  ],
  "дубов'язівка": [
    51.132481,
    33.37846
  ],
  "ромни": [
    50.74207,
    33.4877
  ],
  "макошине": [
    51.459961,
    32.33963
  ],
  "чорнухи": [
    50.2733333,
    32.9383333
  ],
  "полтавська область": [
    49.8607809,
    33.7498787
  ],
  "коростень": [
    50.9491068,
    28.6417552
  ],
  "жуки": [
    49.6701933,
    34.502671
  ],
  "срібне": [
    50.661573,
    32.9174152
  ],
  "линовиця": [
    50.4641,
    32.396339
  ],
  "пирятин": [
    50.2389532,
    32.5026526
  ],
  "драбів": [
    49.9571433,
    32.1410898
  ],
  "великий бурлук": [
    50.0597043,
    37.3855052
  ],
  "волчанський район": [
    50.2060048,
    37.0271906
  ],
  "сарни": [
    51.3350028,
    26.6171275
  ],
  "обухівський район": [
    49.8792055,
    30.9335568
  ],
  "переяслав": [
    50.0643984,
    31.4447327
  ],
  "волинська область": [
    51.5451167,
    24.6627893
  ],
  "кременчуцький район": [
    49.3454009,
    33.2229663
  ],
  "вишгород": [
    50.5824332,
    30.485121
  ],
  "обухів": [
    50.1101633,
    30.6269696
  ],
  "роздільна": [
    46.8495966,
    30.0720722
  ],
  "лубни": [
    50.0118206,
    33.0030821
  ],
  "мена": [
    51.52279,
    32.21638
  ],
  "білозерське": [
    48.53313,
    37.05791
  ],
  "ріпки": [
    51.8036433,
    31.0931453
  ],
  "томаківка": [
    47.8071544,
    34.7474529
  ],
  "холми": [
    51.872562,
    32.595619
  ],
  "куликівка": [
    51.3735623,
    31.6455818
  ],
  "олишівка": [
    51.217918,
    31.32992
  ],
  "страхолісся": [
    51.0754937,
    30.395007
  ],
  "народичі": [
    51.2024469,
    29.0808107
  ],
  "козелець": [
    50.9160647,
    31.1167509
  ],
  "корюківка": [
    51.7744549,
    32.2512927
  ],
  "чорнобиль": [
    51.2705477,
    30.2195609
  ],
  "макарів": [
    50.4639897,
    29.8068986
  ],
  "донеччина": [
    48.052235,
    37.7770304
  ],
  "межова": [
    48.2553506,
    36.7322839
  ],
  "коростишів": [
    50.3201518,
    29.0584885
  ],
  "красятичі": [
    51.0782874,
    29.6377868
  ],
  "бородянка": [
    50.6437677,
    29.9278296
  ],
  "лозова": [
    48.8842428,
    36.3160254
  ],
  "трипілля": [
    50.114819,
    30.776831
  ],
  "прип'ять": [
    51.8466034,
    25.5389022
  ],
  "сновськ": [
    51.8187527,
    31.9448953
  ],
  "чорнобильська зона відчуження": [
    51.2705477,
    30.2195609
  ],
  "ЧЗВ": [
    51.2705477,
    30.2195609
  ],
  "комишуваха": [
    48.64025,
    37.45582
  ],
  "старокостянтинів": [
    49.756163,
    27.2087889
  ],
  "сєвєродонецьк": [
    48.9478698,
    38.4936475
  ],
  "ізюм": [
    49.1913188,
    37.2783996
  ],
  "південне": [
    49.8847449,
    36.0666511
  ],
  "городня": [
    51.8915393,
    31.595545
  ],
  "сосниця": [
    51.5244906,
    32.5028975
  ],
  "батурин": [
    51.3413087,
    32.8778317
  ],
  "згурівка": [
    50.4950666,
    31.7691817
  ],
  "короп": [
    51.5671394,
    32.9520532
  ],
  "хотінь": [
    51.0786763,
    34.78001
  ],
  "карлівка": [
    49.4541311,
    35.1295481
  ],
  "слобожанське": [
    49.5989864,
    36.5242153
  ],
  "близнюки": [
    48.85311,
    36.55186
  ],
  "софіївка": [
    48.270333,
    38.144668
  ],
  "кринички": [
    48.3747353,
    34.4569858
  ],
  "петропавлівка": [
    48.80813,
    39.26685
  ],
  "богуслав": [
    49.54765,
    30.8733
  ]
}